timestamp,pid,session_id,rss_kb,vsz_kb,pss_kb,shared_kb,private_kb,swap_kb,threads,cpu_percent
2025-11-22 03:15:05,79994,main,35704,842124,28181,9396,26460,0,11,0.0
2025-11-22 03:15:10,79994,main,35704,842124,28181,9396,26460,0,11,0.0
2025-11-22 03:15:15,79994,main,35704,842124,28182,9396,26460,0,11,0.0
2025-11-22 03:15:20,79994,main,36928,842124,29741,9396,28020,0,11,0.0
2025-11-22 03:15:25,79994,main,36928,842124,29740,9396,28020,0,11,0.0
2025-11-22 03:15:44,79994,main,36912,842124,29589,9396,27868,0,11,0.0
2025-11-22 03:15:49,79994,main,36912,842124,29590,9396,27868,0,11,0.0
2025-11-22 03:15:54,79994,main,36912,842124,29590,9396,27868,0,11,0.0
2025-11-22 03:15:59,79994,main,36912,842124,29589,9396,27868,0,11,0.0
2025-11-22 03:16:04,79994,main,36912,842124,29590,9396,27868,0,11,0.0
2025-11-22 03:16:09,79994,main,36912,842124,29589,9396,27868,0,11,0.0
2025-11-22 03:16:14,79994,main,36912,842124,29589,9396,27868,0,11,0.0
2025-11-22 03:16:19,79994,main,36912,842124,29588,9396,27868,0,11,0.0
2025-11-22 03:16:24,79994,main,36912,842124,29588,9396,27868,0,11,0.0
2025-11-22 03:16:29,79994,main,36912,842124,29588,9396,27868,0,11,0.0
2025-11-22 03:16:34,79994,main,36912,842124,29588,9396,27868,0,11,0.0
2025-11-22 03:16:39,79994,main,36912,842124,29589,9396,27868,0,11,0.0
2025-11-22 03:16:44,79994,main,36912,842124,29588,9396,27868,0,11,0.0
2025-11-22 03:16:49,79994,main,36912,842124,29588,9396,27868,0,11,0.0
2025-11-22 03:16:54,79994,main,36912,842124,29588,9396,27868,0,11,0.0
2025-11-22 03:17:00,79994,main,36912,842124,29589,9396,27868,0,11,0.0
2025-11-22 03:17:05,79994,main,36912,842124,29588,9396,27868,0,11,0.0
2025-11-22 03:17:10,79994,main,36912,842124,29589,9396,27868,0,11,0.0
2025-11-22 03:17:32,105920,main,33200,842124,26294,9220,24604,0,11,0.7
2025-11-22 03:17:37,105920,main,33128,842124,26184,9220,24492,0,11,0.5
2025-11-22 03:17:42,105920,main,34056,842124,27144,9220,25452,0,11,0.5
2025-11-22 03:17:47,105920,main,35244,842124,28512,9220,26820,0,11,0.6
2025-11-22 03:17:52,105920,main,35420,842124,28648,9220,26960,0,11,0.5
2025-11-22 03:17:57,105920,main,35316,842124,28492,9220,26800,0,11,0.5
2025-11-22 03:18:02,105920,main,35316,842124,28492,9220,26800,0,11,0.4
2025-11-22 03:18:07,105920,main,35316,842124,28492,9220,26800,0,11,0.3
2025-11-22 03:18:12,105920,main,35316,842124,28492,9220,26800,0,11,0.3
2025-11-22 03:18:17,105920,main,35316,842124,28492,9220,26800,0,11,0.3
2025-11-22 03:18:22,105920,main,35316,842124,28492,9220,26800,0,11,0.2
2025-11-22 03:18:27,105920,main,35316,842124,28491,9220,26800,0,11,0.2
2025-11-22 03:18:32,105920,main,35316,842124,28491,9220,26800,0,11,0.2
2025-11-22 03:18:37,105920,main,35316,842124,28491,9220,26800,0,11,0.2
2025-11-22 03:18:42,105920,main,35316,842124,28491,9220,26800,0,11,0.2
2025-11-22 03:18:47,105920,main,35316,842124,28491,9220,26800,0,11,0.2
2025-11-22 03:18:53,105920,main,35316,842124,28493,9220,26800,0,11,0.2
2025-11-22 03:18:58,105920,main,35316,842124,28491,9220,26800,0,11,0.1
2025-11-22 03:19:03,105920,main,35316,842124,28491,9220,26800,0,11,0.1
2025-11-22 03:19:08,105920,main,35316,842124,28491,9220,26800,0,11,0.1
2025-11-22 03:19:13,105920,main,35316,842124,28491,9220,26800,0,11,0.1
2025-11-22 03:19:18,105920,main,35316,842124,28491,9220,26800,0,11,0.1
2025-11-22 03:19:23,105920,main,35316,842124,28491,9220,26800,0,11,0.1
2025-11-22 03:19:28,105920,main,35316,842124,28491,9220,26800,0,11,0.1
2025-11-22 03:19:33,105920,main,35316,842124,28491,9220,26800,0,11,0.1
2025-11-22 03:19:38,105920,main,35316,842124,28491,9220,26800,0,11,0.1
2025-11-22 03:19:43,105920,main,35316,842124,28491,9220,26800,0,11,0.1
2025-11-22 03:19:48,105920,main,35316,842124,28491,9220,26800,0,11,0.1
2025-11-22 03:19:53,105920,main,35316,842124,28491,9220,26800,0,11,0.1
2025-11-22 03:19:58,105920,main,35316,842124,28491,9220,26800,0,11,0.1
2025-11-22 03:20:03,105920,main,35316,842124,28491,9220,26800,0,11,0.1
2025-11-22 03:20:08,105920,main,35316,842124,28492,9220,26800,0,11,0.1
2025-11-22 03:20:13,105920,main,35316,842124,28492,9220,26800,0,11,0.1
2025-11-22 03:20:18,105920,main,35316,842124,28492,9220,26800,0,11,0.1
2025-11-22 03:20:23,105920,main,35316,842124,28492,9220,26800,0,11,0.1
2025-11-22 03:20:28,105920,main,35316,842124,28495,9220,26800,0,11,0.1
2025-11-22 03:20:33,105920,main,35316,842124,28492,9220,26800,0,11,0.0
2025-11-22 03:20:39,105920,main,35316,842124,28492,9220,26800,0,11,0.0
2025-11-22 03:20:44,105920,main,35316,842124,28493,9220,26800,0,11,0.0
2025-11-22 03:20:49,105920,main,35316,842124,28494,9220,26800,0,11,0.0
2025-11-22 03:20:54,105920,main,35316,842124,28492,9220,26800,0,11,0.0
2025-11-22 03:20:59,105920,main,35316,842124,28492,9220,26800,0,11,0.0
2025-11-22 03:21:04,105920,main,35316,842124,28492,9220,26800,0,11,0.0
2025-11-22 03:21:09,105920,main,35316,842124,28492,9220,26800,0,11,0.0
2025-11-22 03:21:14,105920,main,35316,842124,28492,9220,26800,0,11,0.0
2025-11-22 03:21:19,105920,main,35316,842124,28492,9220,26800,0,11,0.0
2025-11-22 03:21:24,105920,main,35316,842124,28492,9220,26800,0,11,0.0
2025-11-22 03:21:29,105920,main,35316,842124,28492,9220,26800,0,11,0.0
2025-11-22 03:21:34,105920,main,35316,842124,28492,9220,26800,0,11,0.0
2025-11-22 03:21:39,105920,main,35316,842124,28492,9220,26800,0,11,0.0
2025-11-22 03:21:44,105920,main,35316,842124,28492,9220,26800,0,11,0.0
2025-11-22 03:21:49,105920,main,35316,842124,28492,9220,26800,0,11,0.0
2025-11-22 03:21:54,105920,main,35316,842124,28492,9220,26800,0,11,0.0
2025-11-22 03:22:00,105920,main,35316,842124,28492,9220,26800,0,11,0.0
2025-11-22 03:22:05,105920,main,35316,842124,28492,9220,26800,0,11,0.0
2025-11-22 03:22:10,105920,main,35316,842124,28492,9220,26800,0,11,0.0
2025-11-22 03:22:15,105920,main,35316,842124,28492,9220,26800,0,11,0.0
2025-11-22 03:22:20,105920,main,35316,842124,28492,9220,26800,0,11,0.0
2025-11-22 03:22:25,105920,main,35316,842124,28492,9220,26800,0,11,0.0
2025-11-22 03:22:30,105920,main,35316,842124,28492,9220,26800,0,11,0.0
2025-11-22 03:22:35,105920,main,35316,842124,28488,9220,26800,0,11,0.0
2025-11-22 03:22:40,105920,main,35324,842124,28500,9220,26808,0,11,0.0
2025-11-22 03:22:45,105920,main,35324,842124,28500,9220,26808,0,11,0.0
2025-11-22 03:22:50,105920,main,35264,842124,28439,9220,26748,0,11,0.0
2025-11-22 03:22:55,105920,main,35264,842124,28440,9220,26748,0,11,0.0
